--회원 더미
INSERT INTO MEMBER (MID, MPW, MNAME, MBIRTH, MEMAIL)
    VALUES('aaa', '1', '홍길동', '1999-09-09', 'aaa@naver.com');
INSERT INTO MEMBER (MID, MPW, MNAME, MBIRTH, MEMAIL)
    VALUES('bbb', '1', '김길동', '1999-09-10', 'bbb@naver.com');
INSERT INTO MEMBER (MID, MPW, MNAME, MBIRTH, MEMAIL)
    VALUES('ccc', '1', '유길동', '1999-09-10', 'ccc@naver.com'); 
INSERT INTO MEMBER (MID, MPW, MNAME, MBIRTH, MEMAIL)
    VALUES('ddd', '1', '서길동', '1999-09-10', 'ddd@naver.com'); 
INSERT INTO MEMBER (MID, MPW, MNAME, MBIRTH, MEMAIL)
    VALUES('eee', '1', '이길동', '1999-09-10', 'eee@naver.com'); 
    
-- 친구
INSERT INTO FRIEND VALUES (FRIEND_SEQ.NEXTVAL, 'aaa', 'bbb');
INSERT INTO FRIEND VALUES (FRIEND_SEQ.NEXTVAL, 'bbb', 'aaa');
INSERT INTO FRIEND VALUES (FRIEND_SEQ.NEXTVAL, 'aaa', 'ccc');
INSERT INTO FRIEND VALUES (FRIEND_SEQ.NEXTVAL, 'aaa', 'ddd');
INSERT INTO FRIEND VALUES (FRIEND_SEQ.NEXTVAL, 'bbb', 'ccc');
INSERT INTO FRIEND VALUES (FRIEND_SEQ.NEXTVAL, 'ccc', 'ddd');
INSERT INTO FRIEND VALUES (FRIEND_SEQ.NEXTVAL, 'ccc', 'eee');
INSERT INTO FRIEND VALUES (FRIEND_SEQ.NEXTVAL, 'eee', 'ccc');

-- 투두 
INSERT INTO TODO VALUES(TODO_SEQ.NEXTVAL, 'aaa', '정처기 필기 1장 공부', '2', '2022-08-17');
INSERT INTO TODO VALUES(TODO_SEQ.NEXTVAL, 'aaa', '자바 복습', '2', '2022-08-17');
INSERT INTO TODO VALUES(TODO_SEQ.NEXTVAL, 'aaa', '스프링 필기 정리', '2', '2022-08-17');
INSERT INTO TODO VALUES(TODO_SEQ.NEXTVAL, 'aaa', '이력서 마무리', '2', '2022-08-17');
INSERT INTO TODO VALUES(TODO_SEQ.NEXTVAL, 'aaa', '자기소개서 작성 시작', '2', '2022-08-17');
INSERT INTO TODO VALUES(TODO_SEQ.NEXTVAL, 'aaa', '30분 이상 운동', '2', '2022-08-17');
INSERT INTO TODO VALUES(TODO_SEQ.NEXTVAL, 'aaa', '소영이랑 저녁 약속', '2', '2022-08-17');
INSERT INTO TODO VALUES(TODO_SEQ.NEXTVAL, 'aaa', '엄마한테 연락', '2', '2022-08-17');
INSERT INTO TODO VALUES(TODO_SEQ.NEXTVAL, 'aaa', '추석 기차표 예매', '2', '2022-08-17');

INSERT INTO TODO VALUES(TODO_SEQ.NEXTVAL, 'aaa', '정처기 필기 2장 공부', '0', '2022-08-18');
INSERT INTO TODO VALUES(TODO_SEQ.NEXTVAL, 'aaa', '정처기 필기 3장 공부', '0', '2022-08-18');
INSERT INTO TODO VALUES(TODO_SEQ.NEXTVAL, 'aaa', '스프링 복습', '0', '2022-08-18');
INSERT INTO TODO VALUES(TODO_SEQ.NEXTVAL, 'aaa', '자기소개서 작성', '0', '2022-08-18');
INSERT INTO TODO VALUES(TODO_SEQ.NEXTVAL, 'aaa', '포토폴리오 작성', '0', '2022-08-18');
INSERT INTO TODO VALUES(TODO_SEQ.NEXTVAL, 'aaa', '30분 이상 운동', '0', '2022-08-18');


-- 일기
INSERT INTO 
    DIARYBOARD(DNUM, DTITLE, MID, DTODOIN, DCONTENT, DHIT, DSTATUS, DDATE, DIP)
    VALUES(DIARYBOARD_SEQ.NEXTVAL, '반성일기', 'aaa', NULL, '오늘은 아파서 아무것도 하지 못했어요ㅠㅠ 시험이 얼마 안남았는데 아프다니...컨디션 관리 실패...ㅠㅠㅠ', 0, 2, '2022-07-28', '127.00.00.01');
INSERT INTO 
    DIARYBOARD(DNUM, DTITLE, MID, DTODOIN, DCONTENT, DHIT, DSTATUS, DDATE, DIP)
    VALUES(DIARYBOARD_SEQ.NEXTVAL, '오늘의 일기', 'bbb', NULL, '오늘은 날씨가 너무 좋아서 기분이 좋아요~ 행복합니다~~', 0, 2, '2022-07-28', '127.00.00.02');
INSERT INTO 
    DIARYBOARD(DNUM, DTITLE, MID, DTODOIN, DCONTENT, DHIT, DSTATUS, DDATE, DIP)
    VALUES(DIARYBOARD_SEQ.NEXTVAL, '여러분은 오늘 어떠셨나요?', 'aaa', NULL, '저는 오늘 시험을 보고 왔어요! 아파서 걱정했는데 나름 잘 본 거 같아요!', 0, 1, '2022-07-31', '127.00.00.02');
INSERT INTO 
    DIARYBOARD(DNUM, DTITLE, MID, DTODOIN, DCONTENT, DHIT, DSTATUS, DDATE, DIP)
    VALUES(DIARYBOARD_SEQ.NEXTVAL, '오늘 점검', 'aaa', 1, '오늘은 할 일을 전부 완료했다 매일 오늘처럼 부지런하게 살자!', 0, 0, '2022-08-17', '127.00.00.02');
INSERT INTO 
    DIARYBOARD(DNUM, DTITLE, MID, DTODOIN, DCONTENT, DHIT, DSTATUS, DDATE, DIP)
    VALUES(DIARYBOARD_SEQ.NEXTVAL, '오늘 기록하기', 'bbb', NULL, '파란 하늘이 인상적인 하루입니다', 0, 2, '2022-08-17', '127.00.00.02');
INSERT INTO 
    DIARYBOARD(DNUM, DTITLE, MID, DTODOIN, DCONTENT, DHIT, DSTATUS, DDATE, DIP)
    VALUES(DIARYBOARD_SEQ.NEXTVAL, '비온다면서!', 'ccc', NULL, '비온다고 해서 크록스를 신고 왔는데 비가 안오네요ㅠ', 0, 2, '2022-08-16', '127.00.00.02');
INSERT INTO 
    DIARYBOARD(DNUM, DTITLE, MID, DTODOIN, DCONTENT, DHIT, DSTATUS, DDATE, DIP)
    VALUES(DIARYBOARD_SEQ.NEXTVAL, '안녕하세요', 'ddd', NULL, '여러분 안녕하세요 저랑 친구하고 싶은 분들을 구합니다! 댓글 달아주세요~ 같이 교류해요~', 0, 2, '2022-08-12', '127.00.00.02');
INSERT INTO 
    DIARYBOARD(DNUM, DTITLE, MID, DTODOIN, DCONTENT, DHIT, DSTATUS, DDATE, DIP)
    VALUES(DIARYBOARD_SEQ.NEXTVAL, '처음입니다', 'eee', NULL, '처음으로 글 써봐요! 저랑 친구하고 싶은 분은 댓글 달아주세요~ 같이 교류해요~', 0, 2, '2022-08-12', '127.00.00.02');
INSERT INTO 
    DIARYBOARD(DNUM, DTITLE, MID, DTODOIN, DCONTENT, DHIT, DSTATUS, DDATE, DIP)
    VALUES(DIARYBOARD_SEQ.NEXTVAL, '행복한 날', 'ccc', NULL, '행복합니다', 0, 1, '2022-08-14', '127.00.00.02');
    INSERT INTO 
    DIARYBOARD(DNUM, DTITLE, MID, DTODOIN, DCONTENT, DHIT, DSTATUS, DDATE, DIP)
    VALUES(DIARYBOARD_SEQ.NEXTVAL, '행복~', 'aaa', NULL, '행복', 0, 2, '2022-08-13', '127.00.00.02');
INSERT INTO 
    DIARYBOARD(DNUM, DTITLE, MID, DTODOIN, DCONTENT, DHIT, DSTATUS, DDATE, DIP)
    VALUES(DIARYBOARD_SEQ.NEXTVAL, '지쳐요', 'ccc', NULL, '지쳐요', 0, 2, '2022-08-13', '127.00.00.02');
INSERT INTO 
    DIARYBOARD(DNUM, DTITLE, MID, DTODOIN, DCONTENT, DHIT, DSTATUS, DDATE, DIP)
    VALUES(DIARYBOARD_SEQ.NEXTVAL, '오늘 기록하기', 'bbb', NULL, '파란 하늘이 인상적인 하루입니다', 0, 2, '2022-07-17', '127.00.00.02');
INSERT INTO 
    DIARYBOARD(DNUM, DTITLE, MID, DTODOIN, DCONTENT, DHIT, DSTATUS, DDATE, DIP)
    VALUES(DIARYBOARD_SEQ.NEXTVAL, '지쳐요', 'ddd', NULL, '지쳐요', 0, 2, '2022-08-08', '127.00.00.02');
INSERT INTO 
    DIARYBOARD(DNUM, DTITLE, MID, DTODOIN, DCONTENT, DHIT, DSTATUS, DDATE, DIP)
    VALUES(DIARYBOARD_SEQ.NEXTVAL, '안녕하세요', 'bbb', NULL, '지쳐요', 0, 2, '2022-08-04', '127.00.00.02');
INSERT INTO 
    DIARYBOARD(DNUM, DTITLE, MID, DTODOIN, DCONTENT, DHIT, DSTATUS, DDATE, DIP)
    VALUES(DIARYBOARD_SEQ.NEXTVAL, '안녕하세요', 'aaa', NULL, '지쳐요', 0, 2, '2022-07-04', '127.00.00.02');
INSERT INTO 
    DIARYBOARD(DNUM, DTITLE, MID, DTODOIN, DCONTENT, DHIT, DSTATUS, DDATE, DIP)
    VALUES(DIARYBOARD_SEQ.NEXTVAL, '안녕하세요', 'bbb', NULL, '지쳐요', 0, 2, '2022-07-13', '127.00.00.02');
INSERT INTO 
    DIARYBOARD(DNUM, DTITLE, MID, DTODOIN, DCONTENT, DHIT, DSTATUS, DDATE, DIP)
    VALUES(DIARYBOARD_SEQ.NEXTVAL, 'DUMMY', 'aaa', NULL, '지쳐요', 0, 2, '2022-06-13', '127.00.00.02');
INSERT INTO 
    DIARYBOARD(DNUM, DTITLE, MID, DTODOIN, DCONTENT, DHIT, DSTATUS, DDATE, DIP)
    VALUES(DIARYBOARD_SEQ.NEXTVAL, 'DUMMY', 'aaa', NULL, '지쳐요', 0, 2, '2022-06-13', '127.00.00.02');
INSERT INTO 
    DIARYBOARD(DNUM, DTITLE, MID, DTODOIN, DCONTENT, DHIT, DSTATUS, DDATE, DIP)
    VALUES(DIARYBOARD_SEQ.NEXTVAL, 'DUMMY', 'aaa', NULL, '지쳐요', 0, 2, '2022-06-13', '127.00.00.02');
INSERT INTO 
    DIARYBOARD(DNUM, DTITLE, MID, DTODOIN, DCONTENT, DHIT, DSTATUS, DDATE, DIP)
    VALUES(DIARYBOARD_SEQ.NEXTVAL, 'DUMMY', 'aaa', NULL, '지쳐요', 0, 2, '2022-06-13', '127.00.00.02');
INSERT INTO 
    DIARYBOARD(DNUM, DTITLE, MID, DTODOIN, DCONTENT, DHIT, DSTATUS, DDATE, DIP)
    VALUES(DIARYBOARD_SEQ.NEXTVAL, 'DUMMY', 'aaa', NULL, '지쳐요', 0, 2, '2022-06-13', '127.00.00.02');
INSERT INTO 
    DIARYBOARD(DNUM, DTITLE, MID, DTODOIN, DCONTENT, DHIT, DSTATUS, DDATE, DIP)
    VALUES(DIARYBOARD_SEQ.NEXTVAL, 'DUMMY', 'aaa', NULL, '지쳐요', 0, 2, '2022-06-13', '127.00.00.02');
INSERT INTO 
    DIARYBOARD(DNUM, DTITLE, MID, DTODOIN, DCONTENT, DHIT, DSTATUS, DDATE, DIP)
    VALUES(DIARYBOARD_SEQ.NEXTVAL, 'DUMMY', 'aaa', NULL, '지쳐요', 0, 2, '2022-06-13', '127.00.00.02');
INSERT INTO 
    DIARYBOARD(DNUM, DTITLE, MID, DTODOIN, DCONTENT, DHIT, DSTATUS, DDATE, DIP)
    VALUES(DIARYBOARD_SEQ.NEXTVAL, 'DUMMY', 'aaa', NULL, '지쳐요', 0, 2, '2022-06-13', '127.00.00.02');
INSERT INTO 
    DIARYBOARD(DNUM, DTITLE, MID, DTODOIN, DCONTENT, DHIT, DSTATUS, DDATE, DIP)
    VALUES(DIARYBOARD_SEQ.NEXTVAL, 'DUMMY', 'aaa', NULL, '지쳐요', 0, 2, '2022-06-13', '127.00.00.02');
INSERT INTO 
    DIARYBOARD(DNUM, DTITLE, MID, DTODOIN, DCONTENT, DHIT, DSTATUS, DDATE, DIP)
    VALUES(DIARYBOARD_SEQ.NEXTVAL, 'DUMMY', 'aaa', NULL, '지쳐요', 0, 2, '2022-06-13', '127.00.00.02');
INSERT INTO 
    DIARYBOARD(DNUM, DTITLE, MID, DTODOIN, DCONTENT, DHIT, DSTATUS, DDATE, DIP)
    VALUES(DIARYBOARD_SEQ.NEXTVAL, 'DUMMY', 'aaa', NULL, '지쳐요', 0, 2, '2022-06-13', '127.00.00.02');
INSERT INTO 
    DIARYBOARD(DNUM, DTITLE, MID, DTODOIN, DCONTENT, DHIT, DSTATUS, DDATE, DIP)
    VALUES(DIARYBOARD_SEQ.NEXTVAL, 'DUMMY', 'aaa', NULL, '지쳐요', 0, 2, '2022-06-13', '127.00.00.02');
INSERT INTO 
    DIARYBOARD(DNUM, DTITLE, MID, DTODOIN, DCONTENT, DHIT, DSTATUS, DDATE, DIP)
    VALUES(DIARYBOARD_SEQ.NEXTVAL, 'DUMMY', 'aaa', NULL, '지쳐요', 0, 2, '2022-06-13', '127.00.00.02');
INSERT INTO 
    DIARYBOARD(DNUM, DTITLE, MID, DTODOIN, DCONTENT, DHIT, DSTATUS, DDATE, DIP)
    VALUES(DIARYBOARD_SEQ.NEXTVAL, 'DUMMY', 'aaa', NULL, '지쳐요', 0, 2, '2022-06-13', '127.00.00.02');
INSERT INTO 
    DIARYBOARD(DNUM, DTITLE, MID, DTODOIN, DCONTENT, DHIT, DSTATUS, DDATE, DIP)
    VALUES(DIARYBOARD_SEQ.NEXTVAL, 'DUMMY', 'aaa', NULL, '지쳐요', 0, 2, '2022-06-13', '127.00.00.02');
    
-- 댓글
INSERT INTO
    DIARYREPLY(DRNUM, DNUM, MID, DRCONTENT, DRGROUP, DRINDENT, DRRDATE, DRIP)
    VALUES(DIARYREPLY_SEQ.NEXTVAL, 2, 'aaa', '진짜 날씨가 너무 좋네요~', DIARYREPLY_SEQ.CURRVAL, 0, SYSDATE, '127.0.0.011');
INSERT INTO
    DIARYREPLY(DRNUM, DNUM, MID, DRCONTENT, DRGROUP, DRINDENT, DRRDATE, DRIP)
    VALUES(DIARYREPLY_SEQ.NEXTVAL, 2, 'bbb',  '그쵸! 그래서 너무 행복해요!!', 1, 1, SYSDATE, '127.0.0.02');
INSERT INTO
    DIARYREPLY(DRNUM, DNUM, MID, DRCONTENT, DRGROUP, DRINDENT, DRRDATE, DRIP)
    VALUES(DIARYREPLY_SEQ.NEXTVAL, 2, 'ccc', '마자요 오늘 날씨 좋더라구요', DIARYREPLY_SEQ.CURRVAL, 0, SYSDATE, '127.0.0.011');
INSERT INTO
    DIARYREPLY(DRNUM, DNUM, MID, DRCONTENT, DRGROUP, DRINDENT, DRRDATE, DRIP)
    VALUES(DIARYREPLY_SEQ.NEXTVAL, 2, 'bbb',  '저절로 기분 좋아지는 날씨였어요~', 3, 1, SYSDATE, '127.0.0.02');
INSERT INTO
    DIARYREPLY(DRNUM, DNUM, MID, DRMENTION, DRCONTENT, DRGROUP, DRINDENT, DRRDATE, DRIP)
    VALUES(DIARYREPLY_SEQ.NEXTVAL, 2, 'aaa', '김길동', '오늘의 좋은 날씨만큼 좋은 일만 가득하세요~', 1, 1, SYSDATE, '127.0.0.02');
INSERT INTO
    DIARYREPLY(DRNUM, DNUM, MID, DRCONTENT, DRGROUP, DRINDENT, DRRDATE, DRIP)
    VALUES(DIARYREPLY_SEQ.NEXTVAL, 2, 'ddd', '저 있는 곳은 바람이 너무 많이 불었어요ㅠㅠ', DIARYREPLY_SEQ.CURRVAL, 0, SYSDATE, '127.0.0.011');
INSERT INTO
    DIARYREPLY(DRNUM, DNUM, MID, DRCONTENT, DRGROUP, DRINDENT, DRRDATE, DRIP)
    VALUES(DIARYREPLY_SEQ.NEXTVAL, 2, 'bbb',  '헉! 제주 지방 사시나봐요! 거기는 강풍 특보더라구요ㅜㅠㅠ', 6, 1, SYSDATE, '127.0.0.02');
INSERT INTO
    DIARYREPLY(DRNUM, DNUM, MID, DRMENTION, DRCONTENT, DRGROUP, DRINDENT, DRRDATE, DRIP)
    VALUES(DIARYREPLY_SEQ.NEXTVAL, 2, '김아무개' ,'ddd', '맞아요ㅠ 제주는 요즘 바람이 너무 많이 불어서 난리에여ㅠㅠ', 6, 1, SYSDATE, '127.0.0.011');
INSERT INTO
    DIARYREPLY(DRNUM, DNUM, MID, DRMENTION, DRCONTENT, DRGROUP, DRINDENT, DRRDATE, DRIP)
    VALUES(DIARYREPLY_SEQ.NEXTVAL, 2, '성춘향' ,'bbb', '조심하세요ㅠㅠ', 6, 1, SYSDATE, '127.0.0.011');    
INSERT INTO
    DIARYREPLY(DRNUM, DNUM, MID, DRCONTENT, DRGROUP, DRINDENT, DRRDATE, DRIP)
    VALUES(DIARYREPLY_SEQ.NEXTVAL, 3, 'bbb', '아프시다고 해서 걱정했는데 잘 보신거 같다니 다행이에요!', DIARYREPLY_SEQ.CURRVAL, 0, SYSDATE, '127.0.0.02');




-- 가계부 카테고리
INSERT INTO ACCOUNTCATEGORY VALUES(ACCOUNTCATEGORY_SEQ.NEXTVAL, '월급');
INSERT INTO ACCOUNTCATEGORY VALUES(ACCOUNTCATEGORY_SEQ.NEXTVAL, '용돈');
INSERT INTO ACCOUNTCATEGORY VALUES(ACCOUNTCATEGORY_SEQ.NEXTVAL, '상여금');
INSERT INTO ACCOUNTCATEGORY VALUES(ACCOUNTCATEGORY_SEQ.NEXTVAL, '식비');
INSERT INTO ACCOUNTCATEGORY VALUES(ACCOUNTCATEGORY_SEQ.NEXTVAL, '카페');
INSERT INTO ACCOUNTCATEGORY VALUES(ACCOUNTCATEGORY_SEQ.NEXTVAL, '교통');
INSERT INTO ACCOUNTCATEGORY VALUES(ACCOUNTCATEGORY_SEQ.NEXTVAL, '통신');
INSERT INTO ACCOUNTCATEGORY VALUES(ACCOUNTCATEGORY_SEQ.NEXTVAL, '보험');
INSERT INTO ACCOUNTCATEGORY VALUES(ACCOUNTCATEGORY_SEQ.NEXTVAL, '저축');
INSERT INTO ACCOUNTCATEGORY VALUES(ACCOUNTCATEGORY_SEQ.NEXTVAL, '투자');
INSERT INTO ACCOUNTCATEGORY VALUES(ACCOUNTCATEGORY_SEQ.NEXTVAL, '공부');
INSERT INTO ACCOUNTCATEGORY VALUES(ACCOUNTCATEGORY_SEQ.NEXTVAL, '도서');
INSERT INTO ACCOUNTCATEGORY VALUES(ACCOUNTCATEGORY_SEQ.NEXTVAL, '생활');
INSERT INTO ACCOUNTCATEGORY VALUES(ACCOUNTCATEGORY_SEQ.NEXTVAL, '의류');
INSERT INTO ACCOUNTCATEGORY VALUES(ACCOUNTCATEGORY_SEQ.NEXTVAL, '화장품');
INSERT INTO ACCOUNTCATEGORY VALUES(ACCOUNTCATEGORY_SEQ.NEXTVAL, '문화생활');
INSERT INTO ACCOUNTCATEGORY VALUES(ACCOUNTCATEGORY_SEQ.NEXTVAL, '취미');
INSERT INTO ACCOUNTCATEGORY VALUES(ACCOUNTCATEGORY_SEQ.NEXTVAL, '운동');
INSERT INTO ACCOUNTCATEGORY VALUES(ACCOUNTCATEGORY_SEQ.NEXTVAL, '여행');
INSERT INTO ACCOUNTCATEGORY VALUES(ACCOUNTCATEGORY_SEQ.NEXTVAL, '경조사');
INSERT INTO ACCOUNTCATEGORY VALUES(ACCOUNTCATEGORY_SEQ.NEXTVAL, '기타');


-- 가계부 
INSERT INTO ACCOUNTBOOK (ANO, MID, ACNO, ACONTENT, APRICE, ADATE, ASTATUS)
    VALUES(ACCOUNTBOOK_SEQ.NEXTVAL, 'aaa', 1, '월급', 2000000, '2022-08-15', '1');

INSERT INTO ACCOUNTBOOK (ANO, MID, ACNO, ACONTENT, APRICE, ADATE, ASTATUS)
    VALUES(ACCOUNTBOOK_SEQ.NEXTVAL, 'aaa', 3, '엄마가 용돈 줌', 100000, '2022-08-05', '1');
    
INSERT INTO ACCOUNTBOOK (ANO, MID, ACNO, ACONTENT, APRICE, ADATE, ASTATUS)
    VALUES(ACCOUNTBOOK_SEQ.NEXTVAL, 'aaa', 4, '점심', 10000, '2022-08-01', '0');     
INSERT INTO ACCOUNTBOOK (ANO, MID, ACNO, ACONTENT, APRICE, ADATE, ASTATUS)
    VALUES(ACCOUNTBOOK_SEQ.NEXTVAL, 'aaa', 4, '저녁', 20000, '2022-08-01', '0');
INSERT INTO ACCOUNTBOOK (ANO, MID, ACNO, ACONTENT, APRICE, ADATE, ASTATUS)
    VALUES(ACCOUNTBOOK_SEQ.NEXTVAL, 'aaa', 4, '점심', 8000, '2022-08-02', '0');     
INSERT INTO ACCOUNTBOOK (ANO, MID, ACNO, ACONTENT, APRICE, ADATE, ASTATUS)
    VALUES(ACCOUNTBOOK_SEQ.NEXTVAL, 'aaa', 4, '저녁', 14000, '2022-08-02', '0');
INSERT INTO ACCOUNTBOOK (ANO, MID, ACNO, ACONTENT, APRICE, ADATE, ASTATUS)
    VALUES(ACCOUNTBOOK_SEQ.NEXTVAL, 'aaa', 4, '점심', 6500, '2022-08-03', '0');     
INSERT INTO ACCOUNTBOOK (ANO, MID, ACNO, ACONTENT, APRICE, ADATE, ASTATUS)
    VALUES(ACCOUNTBOOK_SEQ.NEXTVAL, 'aaa', 4, '저녁', 12000, '2022-08-03', '0');
INSERT INTO ACCOUNTBOOK (ANO, MID, ACNO, ACONTENT, APRICE, ADATE, ASTATUS)
    VALUES(ACCOUNTBOOK_SEQ.NEXTVAL, 'aaa', 4, '점심', 6500, '2022-08-04', '0');     
INSERT INTO ACCOUNTBOOK (ANO, MID, ACNO, ACONTENT, APRICE, ADATE, ASTATUS)
    VALUES(ACCOUNTBOOK_SEQ.NEXTVAL, 'aaa', 4, '점심', 8000, '2022-08-05', '0');
INSERT INTO ACCOUNTBOOK (ANO, MID, ACNO, ACONTENT, APRICE, ADATE, ASTATUS)
    VALUES(ACCOUNTBOOK_SEQ.NEXTVAL, 'aaa', 4, '점심', 26000, '2022-08-06', '0');
INSERT INTO ACCOUNTBOOK (ANO, MID, ACNO, ACONTENT, APRICE, ADATE, ASTATUS)
    VALUES(ACCOUNTBOOK_SEQ.NEXTVAL, 'aaa', 4, '홈플러스에서 장봄', 113500, '2022-08-06', '0');
    
INSERT INTO ACCOUNTBOOK (ANO, MID, ACNO, ACONTENT, APRICE, ADATE, ASTATUS)
    VALUES(ACCOUNTBOOK_SEQ.NEXTVAL, 'aaa', 5, '커피', 1500, '2022-08-01', '0');    
INSERT INTO ACCOUNTBOOK (ANO, MID, ACNO, ACONTENT, APRICE, ADATE, ASTATUS)
    VALUES(ACCOUNTBOOK_SEQ.NEXTVAL, 'aaa', 5, '커피', 2800, '2022-08-02', '0');    
INSERT INTO ACCOUNTBOOK (ANO, MID, ACNO, ACONTENT, APRICE, ADATE, ASTATUS)
    VALUES(ACCOUNTBOOK_SEQ.NEXTVAL, 'aaa', 5, '커피', 1800, '2022-08-03', '0');    
INSERT INTO ACCOUNTBOOK (ANO, MID, ACNO, ACONTENT, APRICE, ADATE, ASTATUS)
    VALUES(ACCOUNTBOOK_SEQ.NEXTVAL, 'aaa', 5, '커피', 4800, '2022-08-04', '0');
INSERT INTO ACCOUNTBOOK (ANO, MID, ACNO, ACONTENT, APRICE, ADATE, ASTATUS)
    VALUES(ACCOUNTBOOK_SEQ.NEXTVAL, 'aaa', 5, '커피', 1500, '2022-08-05', '0'); 
INSERT INTO ACCOUNTBOOK (ANO, MID, ACNO, ACONTENT, APRICE, ADATE, ASTATUS)
    VALUES(ACCOUNTBOOK_SEQ.NEXTVAL, 'aaa', 5, '커피', 1500, '2022-08-08', '0');    
INSERT INTO ACCOUNTBOOK (ANO, MID, ACNO, ACONTENT, APRICE, ADATE, ASTATUS)
    VALUES(ACCOUNTBOOK_SEQ.NEXTVAL, 'aaa', 5, '아이스 아메리카노', 2800, '2022-08-09', '0');    
INSERT INTO ACCOUNTBOOK (ANO, MID, ACNO, ACONTENT, APRICE, ADATE, ASTATUS)
    VALUES(ACCOUNTBOOK_SEQ.NEXTVAL, 'aaa', 5, '커피', 1800, '2022-08-10', '0');    
INSERT INTO ACCOUNTBOOK (ANO, MID, ACNO, ACONTENT, APRICE, ADATE, ASTATUS)
    VALUES(ACCOUNTBOOK_SEQ.NEXTVAL, 'aaa', 5, '커피', 4800, '2022-08-11', '0');
INSERT INTO ACCOUNTBOOK (ANO, MID, ACNO, ACONTENT, APRICE, ADATE, ASTATUS)
    VALUES(ACCOUNTBOOK_SEQ.NEXTVAL, 'aaa', 5, '커피', 1500, '2022-08-12', '0');
INSERT INTO ACCOUNTBOOK (ANO, MID, ACNO, ACONTENT, APRICE, ADATE, ASTATUS)
    VALUES(ACCOUNTBOOK_SEQ.NEXTVAL, 'aaa', 5, '커피, 조각 케이크', 8900, '2022-08-15', '0');    
INSERT INTO ACCOUNTBOOK (ANO, MID, ACNO, ACONTENT, APRICE, ADATE, ASTATUS)
    VALUES(ACCOUNTBOOK_SEQ.NEXTVAL, 'aaa', 5, '커피', 3600, '2022-08-16', '0');
INSERT INTO ACCOUNTBOOK (ANO, MID, ACNO, ACONTENT, APRICE, ADATE, ASTATUS)
    VALUES(ACCOUNTBOOK_SEQ.NEXTVAL, 'aaa', 5, '커피', 1500, '2022-08-17', '0'); 
    
INSERT INTO ACCOUNTBOOK (ANO, MID, ACNO, ACONTENT, APRICE, ADATE, ASTATUS)
    VALUES(ACCOUNTBOOK_SEQ.NEXTVAL, 'aaa', 6, '택시비', 10500, TO_DATE('2022-08-09 18:51:00', 'YYYY-MM-DD HH24:MI:SS'), '0');
INSERT INTO ACCOUNTBOOK (ANO, MID, ACNO, ACONTENT, APRICE, ADATE, ASTATUS)
    VALUES(ACCOUNTBOOK_SEQ.NEXTVAL, 'aaa', 6, '버스비 결제', 135500, TO_DATE('2022-08-15 08:51:00', 'YYYY-MM-DD HH24:MI:SS'), '0'); 
    
INSERT INTO ACCOUNTBOOK (ANO, MID, ACNO, ACONTENT, APRICE, ADATE, ASTATUS)
    VALUES(ACCOUNTBOOK_SEQ.NEXTVAL, 'aaa', 7, '통신비', 58000, '2022-08-15', '0'); 
    
INSERT INTO ACCOUNTBOOK (ANO, MID, ACNO, ACONTENT, APRICE, ADATE, ASTATUS)
    VALUES(ACCOUNTBOOK_SEQ.NEXTVAL, 'aaa', 11, '인강 결제', 110000, '2022-08-16', '0'); 
    
INSERT INTO ACCOUNTBOOK (ANO, MID, ACNO, ACONTENT, APRICE, ADATE, ASTATUS)
    VALUES(ACCOUNTBOOK_SEQ.NEXTVAL, 'aaa', 12, '정처기 책 구매', 32000, '2022-08-17', '0'); 
    
INSERT INTO ACCOUNTBOOK (ANO, MID, ACNO, ACONTENT, APRICE, ADATE, ASTATUS)
    VALUES(ACCOUNTBOOK_SEQ.NEXTVAL, 'aaa', 14, '여름 옷 3벌 구매', 89000, '2022-08-13', '0'); 

INSERT INTO ACCOUNTBOOK (ANO, MID, ACNO, ACONTENT, APRICE, ADATE, ASTATUS)
    VALUES(ACCOUNTBOOK_SEQ.NEXTVAL, 'aaa', 16, '영화', 12000, '2022-08-14', '0'); 
    
COMMIT;
