-- Member
    INSERT INTO MEMBER (mID, mPW, mNAME, mBIRTH, mEMAIL, mMOTTO, mSTATUS) 
        VALUES ('aaa', '111', '박박박', TO_DATE('2000-01-01', 'YYYY-MM-DD'), 'park@park.com', NULL, 1);
    INSERT INTO MEMBER (mID, mPW, mNAME, mBIRTH, mEMAIL, mMOTTO, mSTATUS) 
        VALUES ('bbb', '111', '비비', TO_DATE('2000-01-01', 'YYYY-MM-DD'), 'bb@bb.com', NULL, 1);
    INSERT INTO MEMBER (mID, mPW, mNAME, mBIRTH, mEMAIL, mMOTTO, mSTATUS) 
        VALUES ('ccc', '111', '솔라시', TO_DATE('2000-01-01', 'YYYY-MM-DD'), 'ccc@ccc.com', NULL, 1);
    INSERT INTO MEMBER (mID, mPW, mNAME, mBIRTH, mEMAIL, mMOTTO, mSTATUS) 
        VALUES ('ddd', '111', '디디', TO_DATE('2000-01-01', 'YYYY-MM-DD'), 'ddd@ddd.com', NULL, 1);
    INSERT INTO MEMBER (mID, mPW, mNAME, mBIRTH, mEMAIL, mMOTTO, mSTATUS) 
        VALUES ('eee', '111', '이이이', TO_DATE('2000-01-01', 'YYYY-MM-DD'), 'eee@eee.com', NULL, 1);
    SELECT * FROM MEMBER;
    COMMIT;
-- Admin
   INSERT INTO ADMIN (aID, aPW, aGRADE) 
        VALUES ('aa', '111', 1);
-- TEAM
   INSERT INTO TEAM (tNO, mID, tNAME, tGOAL) 
        VALUES (TEAM_SEQ.NEXTVAL, 'aaa', 'MYLOG', '최선을 다하자'); 
    INSERT INTO TEAM (tNO, mID, tNAME, tGOAL) 
        VALUES (TEAM_SEQ.NEXTVAL, 'bbb', 'BEEBEE', 'NOpainNOgain');
    INSERT INTO TEAM (tNO, mID, tNAME, tGOAL) 
        VALUES (TEAM_SEQ.NEXTVAL, 'ccc', 'SOLACCI', 'solacci');
    INSERT INTO TEAM (tNO, mID, tNAME, tGOAL) 
        VALUES (TEAM_SEQ.NEXTVAL, 'ddd', 'DD', 'DDistheBest');
    INSERT INTO TEAM (tNO, mID, tNAME, tGOAL) 
        VALUES (TEAM_SEQ.NEXTVAL, 'eee', 'leelee', 'leeee');
    INSERT INTO TEAM (tNO, mID, tNAME, tGOAL) 
        VALUES (TEAM_SEQ.NEXTVAL, 'ddd', 'DIY', 'noGoal');
    INSERT INTO TEAM (tNO, mID, tNAME, tGOAL) 
        VALUES (TEAM_SEQ.NEXTVAL, 'ccc', 'CICI', NULL);
    INSERT INTO TEAM (tNO, mID, tNAME, tGOAL) 
        VALUES (TEAM_SEQ.NEXTVAL, 'bbb', 'BECOME', NULL);
   INSERT INTO TEAM (tNO, mID, tNAME, tGOAL) 
        VALUES (TEAM_SEQ.NEXTVAL, 'aaa', 'AYY~!', NULL);
   INSERT INTO TEAM (tNO, mID, tNAME, tGOAL) 
        VALUES (TEAM_SEQ.NEXTVAL, 'eee', 'EE', NULL); 
    SELECT * FROM TEAM;
-- TEAM_MEMBER
   INSERT INTO TEAM_MEMBER (tmNO, mID, tNO, tmCHECK) 
        VALUES (TEAM_MEMBER_SEQ.NEXTVAL, 'aaa', 1, 1);
    INSERT INTO TEAM_MEMBER (tmNO, mID, tNO, tmCHECK) 
        VALUES (TEAM_MEMBER_SEQ.NEXTVAL, 'bbb', 2, 1);
    INSERT INTO TEAM_MEMBER (tmNO, mID, tNO, tmCHECK) 
        VALUES (TEAM_MEMBER_SEQ.NEXTVAL, 'ccc', 3, 1);
    INSERT INTO TEAM_MEMBER (tmNO, mID, tNO, tmCHECK) 
        VALUES (TEAM_MEMBER_SEQ.NEXTVAL, 'ddd', 4, 1);
    INSERT INTO TEAM_MEMBER (tmNO, mID, tNO, tmCHECK) 
        VALUES (TEAM_MEMBER_SEQ.NEXTVAL, 'eee', 5, 1);
    INSERT INTO TEAM_MEMBER (tmNO, mID, tNO, tmCHECK) 
        VALUES (TEAM_MEMBER_SEQ.NEXTVAL, 'ddd', 6, 1);
    INSERT INTO TEAM_MEMBER (tmNO, mID, tNO, tmCHECK) 
        VALUES (TEAM_MEMBER_SEQ.NEXTVAL, 'ccc', 7, 1);
    INSERT INTO TEAM_MEMBER (tmNO, mID, tNO, tmCHECK) 
        VALUES (TEAM_MEMBER_SEQ.NEXTVAL, 'bbb', 8, 1);
    INSERT INTO TEAM_MEMBER (tmNO, mID, tNO, tmCHECK) 
        VALUES (TEAM_MEMBER_SEQ.NEXTVAL, 'aaa', 9, 1);
    INSERT INTO TEAM_MEMBER (tmNO, mID, tNO, tmCHECK) 
        VALUES (TEAM_MEMBER_SEQ.NEXTVAL, 'eee', 10, 1);
    SELECT * FROM TEAM_MEMBER; 
-- TEAMBOARD
    INSERT INTO TEAMBOARD (tNUM, mID, tTITLE, tCONTENT, tHIT, tRDATE, tIP) 
        VALUES (TEAMBOARD_SEQ.NEXTVAL, 'aaa', '같이 그룹만드실 분', '저랑같이그룹만드실분구해요', 0, SYSDATE, NULL);
    INSERT INTO TEAMBOARD (tNUM, mID, tTITLE, tCONTENT, tHIT, tRDATE, tIP) 
        VALUES (TEAMBOARD_SEQ.NEXTVAL, 'ccc', '바리스타 그룹', '바리스타', 0, SYSDATE, NULL);
    INSERT INTO TEAMBOARD (tNUM, mID, tTITLE, tCONTENT, tHIT, tRDATE, tIP) 
        VALUES (TEAMBOARD_SEQ.NEXTVAL, 'bbb', '공시생을 위한 그룹', '공시생', 0, SYSDATE, NULL);
    INSERT INTO TEAMBOARD (tNUM, mID, tTITLE, tCONTENT, tHIT, tRDATE, tIP) 
        VALUES (TEAMBOARD_SEQ.NEXTVAL, 'eee', '기말까지', '기말', 0, SYSDATE, NULL);
    INSERT INTO TEAMBOARD (tNUM, mID, tTITLE, tCONTENT, tHIT, tRDATE, tIP) 
        VALUES (TEAMBOARD_SEQ.NEXTVAL, 'ddd', '컴활자격증', '컴활', 0, SYSDATE, NULL);
    INSERT INTO TEAMBOARD (tNUM, mID, tTITLE, tCONTENT, tHIT, tRDATE, tIP) 
        VALUES (TEAMBOARD_SEQ.NEXTVAL, 'bbb', '취업그룹', '취업', 0, SYSDATE, NULL);
    INSERT INTO TEAMBOARD (tNUM, mID, tTITLE, tCONTENT, tHIT, tRDATE, tIP) 
        VALUES (TEAMBOARD_SEQ.NEXTVAL, 'aaa', '정처기딸때까지', '정처기실기까지 같이 그룹해요', 0, SYSDATE, NULL);
    INSERT INTO TEAMBOARD (tNUM, mID, tTITLE, tCONTENT, tHIT, tRDATE, tIP) 
        VALUES (TEAMBOARD_SEQ.NEXTVAL, 'ccc', '같이 그룹만드실 분', '저랑같이그룹만드실분구해요', 0, SYSDATE, NULL);
    INSERT INTO TEAMBOARD (tNUM, mID, tTITLE, tCONTENT, tHIT, tRDATE, tIP) 
        VALUES (TEAMBOARD_SEQ.NEXTVAL, 'ddd', '이런 그룹은?', '저랑같이그룹만드실분구해요', 0, SYSDATE, NULL);
    INSERT INTO TEAMBOARD (tNUM, mID, tTITLE, tCONTENT, tHIT, tRDATE, tIP) 
        VALUES (TEAMBOARD_SEQ.NEXTVAL, 'eee', '취직할때까지~!', '취준 그룹', 0, SYSDATE, NULL);
    INSERT INTO TEAMBOARD (tNUM, mID, tTITLE, tCONTENT, tHIT, tRDATE, tIP) 
        VALUES (TEAMBOARD_SEQ.NEXTVAL, 'ddd', '레고대회', '레고대회까지 같이 그룹생성하실분', 0, SYSDATE, NULL);
    INSERT INTO TEAMBOARD (tNUM, mID, tTITLE, tCONTENT, tHIT, tRDATE, tIP) 
        VALUES (TEAMBOARD_SEQ.NEXTVAL, 'bbb', '금메달', '금메달그룹만들까요?', 0, SYSDATE, NULL);
    SELECT * FROM TEAMBOARD;
    commit;
--TEAM_TODO
    INSERT INTO TEAM_TODO (ttNO, tNO, ttCONTENT, ttCHECK, tmNO, ttORDER, ttRDATE) 
        VALUES (TEAM_TODO_SEQ.NEXTVAL, 1, 'ppt인덱스까지', 0, 1, TEAM_TODO_SEQ.CURRVAL , '2022-08-18');
    INSERT INTO TEAM_TODO (ttNO, tNO, ttCONTENT, ttCHECK, tmNO, ttORDER, ttRDATE) 
        VALUES (TEAM_TODO_SEQ.NEXTVAL, 2, 'ppt끝내기', 0, 1, TEAM_TODO_SEQ.CURRVAL , '2022-08-18');
    INSERT INTO TEAM_TODO (ttNO, tNO, ttCONTENT, ttCHECK, tmNO, ttORDER, ttRDATE) 
        VALUES (TEAM_TODO_SEQ.NEXTVAL, 3, '식물물주기', 0, 1, TEAM_TODO_SEQ.CURRVAL , '2022-08-18');
    INSERT INTO TEAM_TODO (ttNO, tNO, ttCONTENT, ttCHECK, tmNO, ttORDER, ttRDATE) 
        VALUES (TEAM_TODO_SEQ.NEXTVAL, 4, '아침챙겨먹기', 0, 1, TEAM_TODO_SEQ.CURRVAL , '2022-08-18');
    INSERT INTO TEAM_TODO (ttNO, tNO, ttCONTENT, ttCHECK, tmNO, ttORDER, ttRDATE) 
        VALUES (TEAM_TODO_SEQ.NEXTVAL, 5, '어제못했던거 끝내기', 0, 1, TEAM_TODO_SEQ.CURRVAL , '2022-08-18');
    SELECT * FROM TEAM_TODO;    
        
        
        