-- 회원 더미
INSERT INTO MEMBER (MID, MPW, MNAME, MBIRTH, MEMAIL, MMOTTO, MSTATUS)
    VALUES ('aaa', '111', '닉네임', '2000-01-01', 'aaa@a.com', '나는 최고다', '1');
INSERT INTO MEMBER (MID, MPW, MNAME, MEMAIL, MMOTTO, MSTATUS)
    VALUES ('fff', '111', '누구', 'fff@f.com', '나는 최고다', '1');
INSERT INTO MEMBER (MID, MPW, MNAME, MBIRTH, MEMAIL)
    VALUES ('ppp', '111', '아무개', '2000-01-01', 'ppp@p.com');
INSERT INTO MEMBER (MID, MPW, MNAME, MEMAIL) VALUES ('rrr', '111', '홍길동', 'rrr@r.com');
INSERT INTO MEMBER (MID, MPW, MNAME, MEMAIL) VALUES ('bbb', '111', '정길동', 'bbb@b.com');
INSERT INTO MEMBER (MID, MPW, MNAME, MEMAIL) VALUES ('ccc', '111', '박지원', 'ccc@c.com');
INSERT INTO MEMBER (MID, MPW, MNAME, MEMAIL) VALUES ('ddd', '111', '김유진', 'ddd@d.com');
INSERT INTO MEMBER (MID, MPW, MNAME, MEMAIL) VALUES ('ggg', '111', '이다솜', 'ggg@g.com');
INSERT INTO MEMBER (MID, MPW, MNAME, MEMAIL) VALUES ('hhh', '111', '정민수', 'hhh@h.com');
INSERT INTO MEMBER (MID, MPW, MNAME, MEMAIL) VALUES ('iii', '111', '김빈', 'iii@i.com');
INSERT INTO MEMBER (MID, MPW, MNAME, MEMAIL) VALUES ('jjj', '111', '구윤서', 'jjj@j.com');
INSERT INTO MEMBER (MID, MPW, MNAME, MEMAIL) VALUES ('kkk', '111', '박동규', 'kkk@k.com');
INSERT INTO MEMBER (MID, MPW, MNAME, MEMAIL) VALUES ('lll', '111', '누구냐', 'lll@l.com');

-- Q&A 더미
INSERT INTO QNABOARD (QNO, MID, QWRITER, QTITLE, QCONTENT, QGROUP, QSTEP, QINDENT, QIP)
    VALUES (QNABOARD_SEQ.NEXTVAL, 'aaa', '닉네임','JAVA 관련 문의드립니다', '연산자가 너무 쉬워요. 조금더 어렵게 하는 방법이 있을까요?', QNABOARD_SEQ.CURRVAL, 0, 0, '127.0.0.1');
INSERT INTO QNABOARD (QNO, MID, QWRITER, QTITLE, QCONTENT, QGROUP, QSTEP, QINDENT, QIP)
    VALUES (QNABOARD_SEQ.NEXTVAL, 'fff', '누구','ORACLE 관련 문의드립니다', '쿼리가 너무 쉬워요. 조금더 어렵게 하는 방법이 있을까요?', QNABOARD_SEQ.CURRVAL, 0, 0, '127.0.0.1');
INSERT INTO QNABOARD (QNO, MID, QWRITER, QTITLE, QCONTENT, QGROUP, QSTEP, QINDENT, QIP)
    VALUES (QNABOARD_SEQ.NEXTVAL, 'ppp', '아무개','IF문 관련 문의드립니다', 'IF문이 너무 쉬워요. 조금더 어렵게 하는 방법이 있을까요?', QNABOARD_SEQ.CURRVAL, 0, 0, '127.0.0.1');
INSERT INTO QNABOARD (QNO, MID, QWRITER, QTITLE, QCONTENT, QGROUP, QSTEP, QINDENT, QIP)
    VALUES (QNABOARD_SEQ.NEXTVAL, 'rrr', '홍길동','FOR문 관련 문의드립니다', 'FOR문이 너무 쉬워요. 조금더 어렵게 하는 방법이 있을까요?', QNABOARD_SEQ.CURRVAL, 0, 0, '127.0.0.1');
INSERT INTO QNABOARD (QNO, MID, QWRITER, QTITLE, QCONTENT, QGROUP, QSTEP, QINDENT, QIP)
    VALUES (QNABOARD_SEQ.NEXTVAL, 'bbb', '정길동','MYSQL 관련 문의드립니다', 'MYSQL이 너무 쉬워요. 조금더 어렵게 하는 방법이 있을까요?', QNABOARD_SEQ.CURRVAL, 0, 0, '127.0.0.1');
INSERT INTO QNABOARD (QNO, MID, QWRITER, QTITLE, QCONTENT, QGROUP, QSTEP, QINDENT, QIP)
    VALUES (QNABOARD_SEQ.NEXTVAL, 'ccc', '박지원','HTML 관련 문의드립니다', 'HTML이 너무 쉬워요. 조금더 어렵게 하는 방법이 있을까요?', QNABOARD_SEQ.CURRVAL, 0, 0, '127.0.0.1');
INSERT INTO QNABOARD (QNO, MID, QWRITER, QTITLE, QCONTENT, QGROUP, QSTEP, QINDENT, QIP)
    VALUES (QNABOARD_SEQ.NEXTVAL, 'ddd', '김유진','CSS 관련 문의드립니다', 'CSS가 너무 쉬워요. 조금더 어렵게 하는 방법이 있을까요?', QNABOARD_SEQ.CURRVAL, 0, 0, '127.0.0.1');
INSERT INTO QNABOARD (QNO, MID, QWRITER, QTITLE, QCONTENT, QGROUP, QSTEP, QINDENT, QIP)
    VALUES (QNABOARD_SEQ.NEXTVAL, 'ggg', '이다솜','JDBC 관련 문의드립니다', 'JDBC가 너무 쉬워요. 조금더 어렵게 하는 방법이 있을까요?', QNABOARD_SEQ.CURRVAL, 0, 0, '127.0.0.1');
INSERT INTO QNABOARD (QNO, MID, QWRITER, QTITLE, QCONTENT, QGROUP, QSTEP, QINDENT, QIP)
    VALUES (QNABOARD_SEQ.NEXTVAL, 'hhh', '정민수','JSP 관련 문의드립니다', 'JSP가 너무 쉬워요. 조금더 어렵게 하는 방법이 있을까요?', QNABOARD_SEQ.CURRVAL, 0, 0, '127.0.0.1');
INSERT INTO QNABOARD (QNO, MID, QWRITER, QTITLE, QCONTENT, QGROUP, QSTEP, QINDENT, QIP)
    VALUES (QNABOARD_SEQ.NEXTVAL, 'iii', '김빈','SPRING 관련 문의드립니다', 'SPRING이 너무 쉬워요. 조금더 어렵게 하는 방법이 있을까요?', QNABOARD_SEQ.CURRVAL, 0, 0, '127.0.0.1');

-- 친구 더미
INSERT INTO FRIEND VALUES (FRIEND_SEQ.NEXTVAL, 'fff', 'aaa');
INSERT INTO FRIEND VALUES (FRIEND_SEQ.NEXTVAL, 'ppp', 'aaa');
INSERT INTO FRIEND VALUES (FRIEND_SEQ.NEXTVAL, 'rrr', 'aaa');
INSERT INTO FRIEND VALUES (FRIEND_SEQ.NEXTVAL, 'bbb', 'aaa');
INSERT INTO FRIEND VALUES (FRIEND_SEQ.NEXTVAL, 'ccc', 'aaa');
INSERT INTO FRIEND VALUES (FRIEND_SEQ.NEXTVAL, 'ddd', 'aaa');
INSERT INTO FRIEND VALUES (FRIEND_SEQ.NEXTVAL, 'hhh', 'aaa');
INSERT INTO FRIEND VALUES (FRIEND_SEQ.NEXTVAL, 'ggg', 'aaa');
INSERT INTO FRIEND VALUES (FRIEND_SEQ.NEXTVAL, 'iii', 'aaa');
INSERT INTO FRIEND VALUES (FRIEND_SEQ.NEXTVAL, 'jjj', 'aaa');
INSERT INTO FRIEND VALUES (FRIEND_SEQ.NEXTVAL, 'kkk', 'aaa');
INSERT INTO FRIEND VALUES (FRIEND_SEQ.NEXTVAL, 'lll', 'aaa');
INSERT INTO FRIEND VALUES (FRIEND_SEQ.NEXTVAL, 'aaa', 'fff');
INSERT INTO FRIEND VALUES (FRIEND_SEQ.NEXTVAL, 'aaa', 'ppp');
INSERT INTO FRIEND VALUES (FRIEND_SEQ.NEXTVAL, 'aaa', 'rrr');
INSERT INTO FRIEND VALUES (FRIEND_SEQ.NEXTVAL, 'aaa', 'bbb');
INSERT INTO FRIEND VALUES (FRIEND_SEQ.NEXTVAL, 'aaa', 'ccc');
INSERT INTO FRIEND VALUES (FRIEND_SEQ.NEXTVAL, 'aaa', 'ddd');
INSERT INTO FRIEND VALUES (FRIEND_SEQ.NEXTVAL, 'aaa', 'ggg');
INSERT INTO FRIEND VALUES (FRIEND_SEQ.NEXTVAL, 'aaa', 'hhh');
INSERT INTO FRIEND VALUES (FRIEND_SEQ.NEXTVAL, 'aaa', 'iii');
INSERT INTO FRIEND VALUES (FRIEND_SEQ.NEXTVAL, 'aaa', 'jjj');
INSERT INTO FRIEND VALUES (FRIEND_SEQ.NEXTVAL, 'aaa', 'kkk');
INSERT INTO FRIEND VALUES (FRIEND_SEQ.NEXTVAL, 'aaa', 'lll');

delete from friend;
-- 공지 더미
INSERT INTO NOTICEBOARD (NNO, AID, NTITLE, NCONTENT, NIP)
    VALUES (NOTICEBOARD_SEQ.NEXTVAL, 'admin', 'JAVA 관련 공지', 'JAVA가 어려워졌음을 알립니다', '127.0.0.1');
INSERT INTO NOTICEBOARD (NNO, AID, NTITLE, NCONTENT, NIP)
    VALUES (NOTICEBOARD_SEQ.NEXTVAL, 'admin', 'IF문 관련 공지', 'IF문이 어려워졌음을 알립니다', '127.0.0.1');
INSERT INTO NOTICEBOARD (NNO, AID, NTITLE, NCONTENT, NIP)
    VALUES (NOTICEBOARD_SEQ.NEXTVAL, 'admin', 'FOR문 관련 공지', 'FOR문이 어려워졌음을 알립니다', '127.0.0.1');
INSERT INTO NOTICEBOARD (NNO, AID, NTITLE, NCONTENT, NIP)
    VALUES (NOTICEBOARD_SEQ.NEXTVAL, 'admin', 'ORACLE 관련 공지', 'ORACLE이 어려워졌음을 알립니다', '127.0.0.1');
INSERT INTO NOTICEBOARD (NNO, AID, NTITLE, NCONTENT, NIP)
    VALUES (NOTICEBOARD_SEQ.NEXTVAL, 'admin', 'HTML 관련 공지', 'HTML이 어려워졌음을 알립니다', '127.0.0.1');
INSERT INTO NOTICEBOARD (NNO, AID, NTITLE, NCONTENT, NIP)
    VALUES (NOTICEBOARD_SEQ.NEXTVAL, 'admin', 'CSS 관련 공지', 'CSS가 어려워졌음을 알립니다', '127.0.0.1');
INSERT INTO NOTICEBOARD (NNO, AID, NTITLE, NCONTENT, NIP)
    VALUES (NOTICEBOARD_SEQ.NEXTVAL, 'admin', 'JSP 관련 공지', 'JSP가 어려워졌음을 알립니다', '127.0.0.1');
INSERT INTO NOTICEBOARD (NNO, AID, NTITLE, NCONTENT, NIP)
    VALUES (NOTICEBOARD_SEQ.NEXTVAL, 'admin', 'SPRING 관련 공지', 'SPRING이 어려워졌음을 알립니다', '127.0.0.1');
INSERT INTO NOTICEBOARD (NNO, AID, NTITLE, NCONTENT, NIP)
    VALUES (NOTICEBOARD_SEQ.NEXTVAL, 'admin', 'JDBC 관련 공지', 'JDBC가 어려워졌음을 알립니다', '127.0.0.1');
INSERT INTO NOTICEBOARD (NNO, AID, NTITLE, NCONTENT, NIP)
    VALUES (NOTICEBOARD_SEQ.NEXTVAL, 'admin', 'MYSQL 관련 공지', 'MYSQL이 어려워졌음을 알립니다', '127.0.0.1');

delete from alert;

-- 알림 생성
INSERT INTO ALERT (ALNO, MID, FID, ALCODE) VALUES (ALERT_SEQ.NEXTVAL, 'aaa', 'fff', 1);
INSERT INTO ALERT (ALNO, MID, FID, ALCODE) VALUES (ALERT_SEQ.NEXTVAL, 'aaa', 'rrr', 1);
INSERT INTO ALERT (ALNO, MID, FID, ALCODE) VALUES (ALERT_SEQ.NEXTVAL, 'aaa', 'ccc', 1);
INSERT INTO ALERT (ALNO, MID, FID, ALCODE) VALUES (ALERT_SEQ.NEXTVAL, 'aaa', 'ddd', 1);
INSERT INTO ALERT (ALNO, MID, FID, ALCODE) VALUES (ALERT_SEQ.NEXTVAL, 'aaa', 'eee', 1);
INSERT INTO ALERT (ALNO, MID, FID, ALCODE) VALUES (ALERT_SEQ.NEXTVAL, 'aaa', 'fff', 1);
INSERT INTO ALERT (ALNO, MID, FID, ALCODE, ALCHECK) VALUES (ALERT_SEQ.NEXTVAL, 'aaa', 'ggg', 1, 1);
INSERT INTO ALERT (ALNO, MID, FID, ALCODE, ALCHECK) VALUES (ALERT_SEQ.NEXTVAL, 'aaa', 'hhh', 1, 1);
INSERT INTO ALERT (ALNO, MID, FID, ALCODE, ALCHECK) VALUES (ALERT_SEQ.NEXTVAL, 'aaa', 'iii', 1, 1);
COMMIT;